2014,SunDec 28,
2014,SatJan 3,11:00am
2015,SatJan 10,2:20pm
2015,SatFeb 14,11:00am
2015,SatFeb 21,10:45am
2015,SatMar 14,11:15am
2015,SatMar 21,11:30am
2015,SatApr 11,10:00am
2015,WedApr 15,Jan Data
2015,SatApr 25,10:30am
2015,SatMay 2,12:00am
2015,SatMay 9,9:30pm
2015,SatMay 16,4:00pm
2015,SatJun 6,3:00pm
2015,SatJun 13,10:00am
2015,SatJun 20,11:40am
2015,SatJul 4,12:00am
2015,SatJul 18,10:00am
2015,SatJul 25,10:00am
2015,SatAug 1,9:00pm
2015,SatAug 15,10:00am
2015,SatAug 22,10:00am
2015,SunAug 23,
2015,SunSep 27,
2015,WedSep 30,Jul Data
2015,SatOct 17,4:00pm
2015,SatNov 14,11:30am
2015,SatNov 28,9:30am
2015,SatDec 5,1:20pm
2015,SatDec 19,2:00pm
2015,SatDec 26,12:00am
2015,SatJan 2,12:00am
2016,SatJan 9,9:30pm
2016,SatJan 16,11:00am
2016,SatJan 30,11:00am
2016,SatFeb 6,4:00pm
2016,SatFeb 13,11:00am
2016,SatFeb 20,11:00am
2016,SatMar 5,11:00am
2016,SatMar 19,2:00pm
2016,SatApr 9,10:00am
2016,SatMay 21,12:00am
2016,TueMay 24,Dec Data
2016,TueMay 24,Jan Data
2016,TueMay 24,Feb Data
2016,TueMay 24,Mar Data
2016,SatMay 28,1:15pm
2016,SatJun 11,2:00pm
2016,SatJun 18,1:10pm
2016,SatJun 25,10:00am
2016,SatJul 2,12:00am
2016,SatJul 16,10:00am
2016,SatJul 30,4:00pm
2016,SatAug 6,3:00pm
2016,SatAug 13,10:00am
2016,SatAug 20,8:30am
2016,SunAug 21,
2016,SatSep 17,4:00pm
2016,SatOct 15,4:00pm
2016,SatOct 22,10:15am
2016,SatNov 5,4:00pm
2016,SatNov 12,11:50am
2016,SatNov 19,10:45pm
2016,SatNov 26,10:45am
2016,SunNov 27,
2016,SatDec 3,2:00pm
2016,SatDec 10,11:00am
2016,SatDec 17,9:30am
2016,SatDec 24,11:00am
2017,SatJan 7,1:15pm
2017,SatJan 14,11:00am
2017,SatJan 21,1:00pm
2017,SatJan 28,11:00am
2017,SatFeb 4,11:00am
2017,SatFeb 18,11:00am
2017,SatFeb 25,11:00am
2017,SatMar 4,2:00pm
2017,SatMar 11,3:00pm
2017,SatApr 8,3:00pm
2017,SatApr 15,5:00pm
2017,SatMay 6,3:00pm
2017,SatMay 20,10:00am
2017,SatJun 3,8:30am
2017,SatJun 10,10:00am
2017,SatJun 17,12:45pm
2017,SatJun 24,2:15pm
2017,SatJul 15,10:00am
2017,SatJul 22,8:30am
2017,SatJul 29,1:20pm
2017,SatAug 5,10:00am
2017,SatAug 12,11:30am
2017,SatAug 19,10:15am
2017,SunAug 27,
2017,SatSep 2,12:00am
2017,SatSep 9,9:28pm
2017,WedSep 13,Jul Data
2017,SatOct 7,3:00pm
2017,SatNov 4,12:15pm
2017,SatNov 18,11:30am
2017,SatNov 25,10:45am
2017,SatDec 2,12:00am
2017,SatDec 9,9:30pm
2017,SatDec 16,5:00pm
2017,SatDec 23,11:00am
2018,SatJan 13,12:30pm
2018,SatJan 20,2:30pm
2018,SatJan 27,10:00am
2018,SunJan 28,
2018,SatFeb 3,3:30pm
2018,SatFeb 10,12:45pm
2018,SatFeb 17,11:00am
2018,SatFeb 24,4:40pm
2018,SunFeb 25,
2018,SatMar 3,11:00am
2018,SatMar 10,11:00am
2018,SatMar 17,10:00am
2018,SatApr 7,3:00pm
2018,SatApr 14,5:00pm
2018,SatApr 28,10:00am
2018,SatMay 5,8:00pm
2018,SatMay 12,10:00am
2018,SatMay 19,9:15am
2018,SatMay 26,3:20pm
2018,SatJun 16,4:00pm
2018,SatJun 23,9:45am
2018,SatJun 30,9:00pm
2018,SatJul 14,11:30am
2018,SatJul 28,10:00am
2018,SatAug 4,10:00am
2018,SatAug 11,2:00pm
2018,SatAug 18,10:00am
2018,SunAug 26,
2018,SatSep 1,10:00am
2018,SatSep 15,10:00am
2018,SatSep 22,9:45am
2018,SatNov 3,10:00am
2018,SatNov 10,11:00am
2018,SatNov 17,5:00pm
2018,SatNov 24,10:45am
2018,SatDec 22,11:00am
2018,SatDec 29,12:00pm
2018,SatJan 5,12:00pm
2019,SatJan 12,10:02am
2019,SatJan 19,11:00am
2019,SatFeb 9,9:30am
2019,SatFeb 16,5:00pm
2019,FriMar 1,Dec Data
2019,SatMar 2,12:00am
2019,SatMar 16,4:00pm
2019,SatMar 23,2:00pm
2019,SunMar 24,
2019,SatApr 20,12:00am
2019,SatApr 27,10:00am
2019,MonApr 29,Feb Data
2019,MonApr 29,Feb Data
2019,SatMay 4,7:45pm
2019,SatMay 11,2:00pm
2019,SatJun 1,12:00pm
2019,SatJun 8,3:00pm
2019,SatJun 15,10:00am
2019,SatJun 22,4:30pm
2019,SatJul 6,11:00am
2019,SatJul 13,9:30am
